"species","log.loads"
"EPFU",-3.64246440145039
"MYLU",-3.02639777482534
"MYSE",-3.6882918513718
"PESU",-2.03970688874706
"SUBSTRATE",-4.11090463895525
